*Caleb,
Giannis Antetokounmpo,0
Jordan Poole,0
Klay Thompson,0
Jonathan Kuminga,0
Marcus Smart,0
*Daniel,
Stephen Curry,0
Darius Garland,0
Jaren Jackson Jr.,0
D'Angelo Russell,21
Kentavious Caldwell-Pope,0
*Gage,
Kevin Durant,0
Kawhi Leonard,0
Brook Lopez,0
Shai Gilgeous-Alexander,54
Austin Reaves,12
*Rahil,
Jayson Tatum,0
Tyrese Maxey,0
Michael Porter Jr.,0
Andrew Wiggins,0
Dennis Schroder,28
*Harrison,
Nikola Jokic,0
Trae Young,25
Deandre Ayton,0
Derrick White,24
Kevin Huerter,0
*Sam,
Joel Embiid,0
Domantas Sabonis,0
Mikal Bridges,0
Dejounte Murray,18
Pascal Siakam,32
*Brendan,
Jaylen Brown,0
Desmond Bane,0
Julius Randle,0
Bam Adebayo,20
Jarrett Allen,0
*Drew,
Devin Booker,0
De'Aaron Fox,0
Jalen Brunson,0
Tobias Harris,0
Immanuel Quickley,0
*Weston,
LeBron James,30
Jamal Murray,0
Chris Paul,0
RJ Barrett,0
Dillon Brooks,0
*Hunter,
Ja Morant,0
Khris Middleton,0
Jimmy Butler,52
Bobby Portis,0
Caris Levert,0
*Jameson,
Donovan Mitchell,0
Jrue Holiday,0
Malcolm Brogdon,0
Aaron Gordon,0
Zach Lavine,54
*Kunal,
James Harden,0
Anthony Davis,24
Russell Westbrook,0
Evan Mobley,0
Cameron Johnson,0
